text,category,actor,vector,team_or_player,event_type,location,severity,clean_text
phishing email with malicious link,Malware,APT-28,Network,,,Global,4,Nation state attackers use spear phishing emails to infiltrate critical infrastructure by sending realistic government themed messages that trick engineers into giving away credentials once the spear phishing succeeds the nation state group installs hidden malware gains long term access and silently observes critical infrastructure control systems for intelligence and sabotage planning
malware detected in email attachment,Malware,Unknown,Web,,,USA,5,A major phishing email attack leads to ransomware spreading across enterprise systems when employees open a fake invoice the phishing email installs ransomware that quickly encrypts enterprise systems file servers and cloud drives causing major damage and forcing the company to activate emergency recovery procedure
distributed denial of service attack on public website,Malware,Anonymous,Web,,,Germany,2,Large scale ddos distributed denial of service network traffic attacks overwhelm online platforms by using massive botnets to send nonstop waves of network traffic these ddos attacks overload routers firewalls and authentication servers causing the entire platform to go offline for users
phishing email with malicious link,Ransomware,Unknown,Email,,,USA,3,When attackers gain access through a phishing email they begin lateral movement privilege escalation persistence and disabling security tools the attackers steal admin credentials move from computer to computer escalate privileges create persistence backdoors and disable security tools so they can stay undetected inside the network
ransomware attack through network vulnerability,Malware,Lazarus Group,Email,,,North Korea,2,Nation state spear phishing attacks target critical infrastructure operators by imitating official regulatory agencies the spear phishing messages steal credentials from staff who manage critical infrastructure systems giving the nation state group long term remote access to power grid consoles and sensitive industrial networks
phishing email with malicious link,Ransomware,APT-28,Web,,,USA,4,A phishing email disguised as a payroll update installs ransomware that spreads through enterprise systems the ransomware uses stolen credentials to access enterprise systems servers encrypt financial data and damage critical business operations
phishing scam targeting corporate accounts,Phishing,APT-28,Web,,,USA,3,A ddos distributed denial of service network traffic attack overwhelms a major online marketplace attackers use tens of thousands of infected devices to send network traffic at a rate far higher than the servers can handle making product pages checkout systems and logins unavailable
malware detected in email attachment,Ransomware,Lazarus Group,Email,,,Russia,5,Phishing email ransomware enterprise systems infection begins when staff receive a shipping notification the phishing email contains a malicious link that downloads ransomware the ransomware spreads through enterprise systems with lateral movement and privilege escalation and encrypts critical department files
phishing email with malicious link,Ransomware,APT-28,Web,,,Germany,2,A nation state spear phishing operation focuses on telecommunications companies managing national level critical infrastructure attackers use spear phishing emails to collect vpn credentials then gain long term access to internal switching systems and monitoring dashboards used to run critical infrastructure services
malware detected in email attachment,Ransomware,Lazarus Group,Network,,,USA,3,A phishing email ransomware enterprise systems incident begins with a fake bank alert the phishing email tricks the finance team into entering credentials attackers then drop ransomware that encrypts enterprise systems accounting databases and shared drives stopping all financial operations
distributed denial of service attack on public website,Malware,APT-28,Web,,,USA,5,A massive ddos distributed denial of service network traffic attack disrupts online education systems during exam week attackers flood login pages with heavy network traffic causing long delays authentication failures and complete service outages for thousands of students
phishing scam targeting corporate accounts,Phishing,Lazarus Group,Web,,,USA,2,Once attackers are inside a network they perform lateral movement privilege escalation persistence and disabling security tools first they move between user accounts then use privilege escalation to reach domain admin next they create persistence tasks and finally disable security tools so that defenders cannot detect them
ransomware attack through network vulnerability,Malware,Unknown,Email,,,Russia,5,A nation state spear phishing critical infrastructure attack targets water treatment facilities the attackers send spear phishing messages disguised as safety updates the spear phishing link installs malware that grants long term access to critical infrastructure control panels and operational data
ransomware attack through network vulnerability,Malware,APT-28,Web,,,Russia,3,Phishing email ransomware enterprise systems breach occurs when employees open what looks like a delivery notification the phishing email drops ransomware that moves across enterprise systems encrypts shared drives and forces the company to shut down all digital operation
ransomware attack through network vulnerability,Ransomware,Lazarus Group,Email,,,Global,5,A ddos distributed denial of service network traffic attack targets an ecommerce website attackers use a botnet to send overwhelming network traffic causing login failures broken checkout sessions and temporary loss of service during peak shopping hours
ransomware attack through network vulnerability,Phishing,Lazarus Group,Network,,,Germany,1,A global phishing email campaign deploys ransomware across enterprise systems the phishing email pretends to be a software update and once opened the ransomware uses lateral movement and privilege escalation to infect all enterprise systems before encrypting servers overnight
malware detected in email attachment,Phishing,Unknown,Network,,,Russia,5,Inside a compromised network attackers use lateral movement privilege escalation persistence and disabling security tools to take full control they pivot across servers escalate privileges to domain admin set persistence through scheduled tasks and disable security tools to remain invisible
phishing scam targeting corporate accounts,DDoS,Lazarus Group,Web,,,Russia,4,Nation state spear phishing attacks target national transportation control centers using official looking notifications the spear phishing messages trick operators into entering passwords giving nation state attackers long term control and visibility into critical infrastructure traffic management systems
distributed denial of service attack on public website,Ransomware,APT-28,Email,,,Germany,2,A phishing email ransomware enterprise systems breach affects a hospital the phishing email appears to come from a medical supplier once opened it installs ransomware that spreads through enterprise systems encrypts patient records and shuts down scheduling platforms
distributed denial of service attack on public website,Malware,APT-28,Web,,,Germany,2,ddA disruptive ddos distributed denial of service network traffic attack focuses on authentication servers the attackers generate nonstop ddos traffic that overloads the login system preventing any user from accessing dashboards apis or administrative consoles causing a complete service outageos operations coordinated by international threat actor groups
phishing scam targeting corporate accounts,DDoS,Anonymous,Web,,,North Korea,2,Nation state attackers rely on spear phishing campaigns to compromise critical infrastructure by sending operational status reports that appear legitimate once the spear phishing messages are opened the nation state group deploys reconnaissance tooling inside critical infrastructure networks collects operator credentials and establishes long term access to operational control systems
phishing scam targeting corporate accounts,Ransomware,Anonymous,Email,,,Germany,5,A severe phishing email ransomware enterprise systems incident occurs when a fraudulent corporate benefits form is delivered to employees the phishing email activates a ransomware loader that spreads across enterprise systems through outdated protocols encrypting entire departments and causing major operational damage across the organization
phishing scam targeting corporate accounts,DDoS,Unknown,Network,,,USA,5,A large scale ddos distributed denial of service network traffic attack is executed against a national tax portal threat actors generate overwhelming ddos network traffic that saturates upstream internet links signaling a distributed denial of service campaign strong enough to knock out essential public services for extended periods
distributed denial of service attack on public website,Phishing,Unknown,Network,,,USA,2,Inside the compromised environment attackers begin lateral movement privilege escalation persistence disable security tools as they examine directory services they pivot between domain controllers elevate privileges and create persistence hooks on multiple critical servers while disabling security tools to prevent detection throughout the intrusion
phishing email with malicious link,Phishing,Anonymous,Network,,,Russia,4,Nation state spear phishing critical infrastructure activity is recorded when attackers send detailed engineering requests to grid technicians the spear phishing attachments contain remote monitoring implants that give nation state operators persistent visibility into critical infrastructure telemetry and unauthorized control opportunities
phishing scam targeting corporate accounts,Malware,Lazarus Group,Network,,,Global,2,A phishing email ransomware enterprise systems breach starts with an internal performance review notification the phishing email deploys ransomware that crawls enterprise systems backup clusters encrypts restore points and disrupts the entire enterprise systems ecosystem forcing a full scale recovery scenario
ransomware attack through network vulnerability,DDoS,Anonymous,Email,,,Germany,2,A ddos distributed denial of service network traffic attack targets a real time transportation feed attackers generate heavy bursts of ddos network traffic that interfere with system updates the distributed denial of service activity causes inaccurate schedules system freezes and short term outages across digital transit services
distributed denial of service attack on public website,Phishing,Lazarus Group,Web,,,USA,1,After the initial email compromise the intruders use lateral movement privilege escalation persistence disable security tools to spread across the network they map internal applications escalate user accounts to privileged groups plant persistence scripts and shut down security tools responsible for endpoint monitoring
malware detected in email attachment,DDoS,Lazarus Group,Network,,,Global,5,Nation state spear phishing critical infrastructure attempts intensify when attackers impersonate emergency operations centers the spear phishing emails redirect staff to a malicious update portal that installs implants giving the nation state prolonged access to critical infrastructure schematics and operational insights
phishing email with malicious link,Ransomware,Lazarus Group,Web,,,Russia,4,Enterprise systems are hit by ransomware after victims receive a phishing email disguised as a policy compliance packet the phishing email triggers ransomware that hijacks enterprise systems communication channels encrypts department servers and forces the shutdown of core business modules until data can be recovered
distributed denial of service attack on public website,Ransomware,Lazarus Group,Web,,,USA,4,A high volume ddos distributed denial of service network traffic attack overwhelms a digital government identity service attackers leverage automated bots to launch constant ddos network traffic bursts which degrade authentication speeds produce service errors and fully interrupt identity verification for citizens
malware detected in email attachment,Phishing,Lazarus Group,Web,,,USA,4,Once embedded in the network attackers use lateral movement privilege escalation persistence disable security tools to advance deeper they compromise file servers elevate privileges to infrastructure administrators maintain persistence through registry injections and disable security tools responsible for alerting security teams
phishing email with malicious link,DDoS,Anonymous,Network,,,North Korea,4,A nation state spear phishing critical infrastructure mission targets industrial pipeline controllers spear phishing emails containing fake regulatory amendments mislead operators into opening files that deploy implants granting the nation state group covert long term monitoring inside critical infrastructure pipeline networks
ransomware attack through network vulnerability,Malware,Unknown,Email,,,Germany,3,A phishing email ransomware enterprise systems threat unfolds when an encrypted folder invitation is sent to staff the phishing email activates ransomware which spreads to enterprise systems storage nodes encrypting shared workspaces and crippling essential corporate workflows across multiple business units
distributed denial of service attack on public website,Ransomware,Lazarus Group,Email,,,Russia,4,An intense ddos distributed denial of service network traffic attack focuses on a nationwide emergency alert platform threat actors generate enormous waves of ddos traffic preventing users from receiving urgent alerts and causing widespread communication breakdowns across emergency response agencies
phishing scam targeting corporate accounts,Ransomware,Lazarus Group,Network,,,Global,2,In the aftermath of an initial breach attackers rely on lateral movement privilege escalation persistence disable security tools to dominate the network they compromise privileged accounts move across clustered resources escalate rights using misconfigurations maintain persistence through scheduled executables and disable security tools to remain undetected
phishing scam targeting corporate accounts,DDoS,Anonymous,Email,,,USA,3,Nation state spear phishing critical infrastructure threats emerge when attackers send coordinated procurement requests to power grid supervisors the spear phishing attachments deploy covert implants which provide the nation state sustained access to critical infrastructure reports voltage data and operational frameworks
ransomware attack through network vulnerability,Ransomware,APT-28,Web,,,North Korea,2,A phishing email ransomware enterprise systems compromise begins when a fake continuity planning document arrives in user inboxes opening the document installs ransomware which expands across enterprise systems clusters locking departmental data systems and disrupting entire chains of internal operations
distributed denial of service attack on public website,Phishing,Unknown,Email,,,North Korea,3,A heavy ddos distributed denial of service network traffic attack is aimed at research institutions where attackers launch automated distributed denial of service waves that overwhelm bandwidth interrupt project servers and block scientific teams from accessing cloud computing services
phishing scam targeting corporate accounts,Phishing,Lazarus Group,Web,,,Russia,2,Attackers maintain deep presence through lateral movement privilege escalation persistence disable security tools by navigating from user accounts to protected systems escalating to privileged service roles creating persistence entries hidden in system processes and disabling security tools that monitor internal host behavior
ransomware attack through network vulnerability,Phishing,Unknown,Web,,,USA,2,malware infections triggered through malicious document macros execution
phishing scam targeting corporate accounts,DDoS,APT-28,Web,,,Global,5,ransomware groups exploiting unpatched systems across multiple regions
malware detected in email attachment,Phishing,Anonymous,Email,,,Global,1,phishing activity impersonating trusted suppliers requesting fraudulent payments
distributed denial of service attack on public website,Phishing,Unknown,Email,,,North Korea,2,ddos campaigns leveraging high-bandwidth reflectors overwhelming datacenters
distributed denial of service attack on public website,Ransomware,Lazarus Group,Email,,,Germany,3,malware executing reconnaissance tasks mapping internal network topology
distributed denial of service attack on public website,Phishing,APT-28,Web,,,Russia,1,ransomware delivered using spear-phishing targeted at executives
malware detected in email attachment,Malware,Lazarus Group,Web,,,North Korea,5,phishing waves exploiting mobile platforms targeting remote workers
phishing email with malicious link,Malware,Anonymous,Email,,,Global,1,ddos attacks executed through compromised hosting provider infrastructure
distributed denial of service attack on public website,Malware,Unknown,Web,,,Global,3,malware variants injecting payloads through browser exploitation techniques
malware detected in email attachment,DDoS,Anonymous,Network,,,North Korea,4,ransomware campaigns systematically disabling protective enterprise defenses
distributed denial of service attack on public website,Phishing,APT-28,Network,,,North Korea,3,phishing chains exploiting multi-stage redirection bypassing security controls
phishing email with malicious link,DDoS,Anonymous,Network,,,Global,4,ddos operations increasing throughput using globally distributed botnets
malware detected in email attachment,Phishing,Unknown,Web,,,USA,1,malware infiltrating through unsecured api endpoints exposing systems
phishing email with malicious link,DDoS,Lazarus Group,Email,,,Russia,1,ransomware incidents caused by unauthorized privilege escalations attempts
distributed denial of service attack on public website,Phishing,APT-28,Email,,,Russia,5,phishing attempts abusing email forwarding rules for persistence
phishing email with malicious link,Ransomware,APT-28,Email,,,North Korea,1,ddos storms targeting education platforms disrupting online learning systems
phishing scam targeting corporate accounts,DDoS,Lazarus Group,Web,,,North Korea,4,malware actors leveraging advanced evasion to remain undetected
phishing scam targeting corporate accounts,Phishing,Anonymous,Email,,,Global,1,ransomware damage amplified by encrypted shared network folders
ransomware attack through network vulnerability,Ransomware,Lazarus Group,Web,,,Global,1,phishing emails prompting password resets causing credential theft
phishing scam targeting corporate accounts,Ransomware,Anonymous,Email,,,North Korea,5,ddos forces overwhelming authentication servers causing widespread outages
Last-minute goal gives Barcelona a 2-1 win over Real Madrid,Football,,,FC Barcelona,Match_Result,Spain - La Liga,,barcelona beats real madrid last minute goal la liga spain
Cristiano Ronaldo scores hat-trick in Saudi Pro League clash,Football,,,Cristiano Ronaldo,Player_Performance,Saudi Arabia - SPL,,cristiano ronaldo delivers one of the top player performances of the season scoring a decisive hat trick in the saudi pro league and showing elite finishing physical strength and high intensity movement throughout the full match his explosive runs and clinical decision making helped secure an important match result that boosted his team’s momentum in the tournament
Star striker suffers ACL injury and will miss the rest of the season,Football,,,Unnamed Striker,Injury,Europe,,a star football striker suffers a complete acl tear resulting in long term instability swelling and limited mobility the injury forces him to withdraw from upcoming matches creating major impact on team strategy and player performance evaluations this health issue will require surgery rehabilitation and careful monitoring before he returns to competitive footbal
Al Ahly signs young Egyptian winger on a five-year contract,Football,,,Al Ahly SC,Transfer,Egypt - Premier League,,al ahly completes a significant transfer signing a young egyptian winger on a long contract the move represents a major team change aiming to improve offensive speed technique and creativity the transfer becomes a key talking point in recent transfers and coaching decisions influencing the club’s long term strategy
Zamalek announces new head coach ahead of CAF Champions League campaign,Football,,,Zamalek SC,Management_Change,Egypt - Cairo,,zamalek announces a new head coach ahead of their caf champions league campaign marking a major coaching change intended to improve tactical consistency player morale and match results the appointment affects training plans starting lineup decisions and overall club direction for the season
Liverpool beats Manchester City 3-0 in dominant home performance,Football,,,Liverpool FC,Match_Result,England - Premier League,,liverpool secures an important match result by defeating manchester city three to zero demonstrating strong teamwork precise finishing and powerful midfield control the performance shows high level coordination from top players and contributes important points toward tournament progression
Golden State Warriors defeat Lakers in overtime thriller,Basketball,,,Golden State Warriors,Match_Result,USA - NBA,,the golden state warriors earn a thrilling overtime victory against the los angeles lakers supported by top player performances involving rapid transitions accurate shooting and standout defensive plays this match result strengthens their position early in the nba season
Star point guard records triple-double in season opener,Basketball,,,Star Point Guard,Player_Performance,USA - NBA,,a star point guard records a triple double reflecting elite decision making ball control and consistent scoring the performance stands out as one of the top athletic displays of the week influencing team success and player ranking discussions
Chicago Bulls trade veteran center to Miami Heat,Basketball,,,Chicago Bulls,Transfer,USA - NBA,,the chicago bulls finalize a transfer sending a veteran center to the miami heat marking a strategic roster move designed to rebalance positions and improve defensive capabilities this transfer becomes part of ongoing team restructuring seen across major leagues
Egypt national handball team qualifies for World Championship quarterfinals,Handball,,,Egypt National Team,Tournament_Progress,World Championship,,egypt’s national handball team advances to the world championship quarterfinals achieving an important tournament update supported by strong teamwork and disciplined defensive organization this progress boosts national confidence and motivates younger athletes in the spor
World record broken in men's 100m sprint at Diamond League event,Athletics,,,Unknown Sprinter,Record_Break,Diamond League,,a sprinter breaks the men’s one hundred meter record at a diamond league event demonstrating one of the most impressive player performances of the year the achievement represents a historic moment generating major media coverage and redefining expectations in athletics competitions
Marathon runner collapses near finish line but still wins the race,Athletics,,,Marathon Runner,Match_Result,International Marathon,,a marathon runner collapses near the finish line due to extreme exhaustion but manages to win the race creating one of the most inspirational match results of the tournament the runner’s endurance resilience and determination leave a lasting impact on spectators and analysts
Rafael Nadal announces comeback for next Grand Slam tournament,Tennis,,,Rafael Nadal,Injury_Return,ATP Tour,,rafael nadal announces a comeback for the next grand slam after a long rehabilitation program this major injury return update influences tournament predictions player seedings and fan expectations following months of health recovery news surrounding his condition
Unseeded player upsets world number one in straight sets,Tennis,,,Unseeded Player,Upset,WTA / ATP,,an unseeded tennis player defeats the world number one in straight sets one of the most surprising player performances of the season the upset shifts tournament dynamics and highlights the unpredictable nature of elite individual sport
Top seed withdraws from tournament due to shoulder injury,Tennis,,,Top Seed,Injury,International Tournament,,a top seeded tennis player withdraws from an international tournament due to a shoulder injury raising concerns about long term recovery and competitive availability this health issue affects draw schedules and creates opportunities for lower ranked players
Real Madrid completes record-breaking transfer for teenage midfielder,Football,,,Real Madrid,Transfer,Spain - La Liga,,real madrid completes a record breaking transfer for a teenage midfielder aiming to strengthen the team’s long term strategic development this transfer becomes one of the most discussed team changes of the season because of the player’s potential and high market value
National basketball team secures Olympic qualification with decisive win,Basketball,,,National Team,Tournament_Progress,Olympic Qualifiers,,a national basketball team secures olympic qualification after a decisive win marking an important tournament update and showcasing high level preparation team chemistry and coaching stability which contributed to their successful campaign
Coach fired after team's fifth consecutive defeat,Football,,,Club Management,Management_Change,Europe,,a football club fires its head coach after five consecutive defeats representing a major coaching change that impacts team morale tactical direction and future match result projections the decision reflects management pressure and fan expectations
Star swimmer wins three gold medals at continental championship,Swimming,,,Star Swimmer,Player_Performance,Continental Championship,,a star swimmer wins three gold medals at a continental championship presenting top level player performances through strong stamina precise technique and competitive focus influencing regional rankings and future championship projections
Volleyball club claims national league title after dramatic final set,Volleyball,,,Volleyball Club,Match_Result,National League,,a volleyball club claims the national league title after a dramatic final set producing one of the most exciting match results of the season the team demonstrated resilience accurate ball control and strong blocking strategies
Rival fans clash outside stadium after derby match,Football,,,Supporters,Fan_Incident,Local Derby,,rival football fans clash outside the stadium following a derby match causing a serious health and safety incident related to sports culture although not athletic this situation is categorized under sports related issues and influences league policies relating to matchday management
VAR overturns late penalty decision in international match,Football,,,VAR,Refereeing,International Match,,var overturns late penalty decision
Teenage sprinter sets new national junior record in 200m,Athletics,,,Teenage Sprinter,Record_Break,National Championship,,teen sprinter national junior record 200m
Tennis doubles pair wins first Grand Slam title together,Tennis,,,Doubles Pair,Match_Result,Grand Slam,,in tennis doubles competition a pair wins their first grand slam title after weeks of disciplined training tactical serving and consistent teamwork the victory marks a major tournament milestone and a standout player performance for both athletes
Star forward tests positive for COVID-19 and will miss upcoming matches,Football,,,Star Forward,Health_Issue,Club/International,,a star forward tests positive for covid nineteen affecting team lineup decisions medical monitoring and match availability this health issue becomes a major talking point across the league and influences tournament scheduling considerations
National team captain announces retirement from international football,Football,,,National Team Captain,Retirement,International,,the national team captain announces retirement from international football marking a significant change in leadership that impacts coaching decisions squad selection and long term strategic planning for upcoming tournaments
Esports team wins regional League of Legends championship,Esports,,,Esports Team,Match_Result,Regional Championship,,an esports team secures the regional league of legends championship after a series of dominant performances highlighting top player coordination fast reactions and strategic decision making the result is an important tournament update in competitive gaming
Cyclist completes mountain stage in record time at Tour event,Cycling,,,Cyclist,Record_Break,Tour Event,,a cyclist completes a demanding mountain stage in record time showcasing one of the top endurance performances of the season this achievement contributes to major tournament updates and influences rankings in multi stage cycling events
Gymnast earns perfect score on floor routine in world finals,Gymnastics,,,Gymnast,Player_Performance,World Finals,,a gymnast earns a perfect score on a floor routine at the world finals demonstrating exceptional balance flexibility and execution making it one of the best player performances recorded in the season
Football academy graduates make professional debuts in top division,Football,,,Youth Academy,Development,Top Division,,football academy graduates make their professional debuts in a top division match reflecting successful youth development and minor team changes that will influence future squad depth and match results across the season
Apple,Fruit,,,,,USA,,apple is a nutrient dense fruit known for its high soluble fiber antioxidants vitamin c polyphenols and natural plant compounds that support heart health digestion immune strength and long term metabolic stability apples contribute to balanced diets through their slow energy release low calorie profile and ability to help regulate blood sugar levels making them one of the most popular healthy foods worldwide
Salmon,Protein,,,,,Norway,,salmon is a high protein fatty fish rich in omega 3 fatty acids dha and epa which are essential for brain health inflammation reduction and cardiovascular function this fish provides b vitamins selenium antioxidants and high quality protein making it one of the most nutritious foods for balanced diets supporting long term wellness muscle repair and healthy metabolism
Spinach,Vegetable,,,,,Local Farm,,spinach is a powerful leafy green loaded with iron folate vitamin k vitamin a and antioxidants including lutein and beta carotene which support healthy vision immune strength strong bones and long term disease protection its low calorie high nutrient profile makes it ideal for balanced diets and continuous nutritional benefit
Brown Rice,Grain,,,,,India,,brown rice is a whole grain rich in complex carbohydrates fiber b vitamins manganese and antioxidants supporting digestive regularity steady energy release and long term heart health its nutrient composition helps maintain balanced diets and stable blood sugar levels while contributing essential minerals required for metabolic function
Chicken Breast,Protein,,,,,Brazil,,chicken breast is one of the leanest high protein foods supporting muscle growth tissue repair and balanced nutrition due to its low fat profile amino acid density and richness in b vitamins and minerals making it essential for athletes healthy diets and long term nutritional planning for strength and wellness
Broccoli,Vegetable,,,,,Mexico,,broccoli contains vitamin c vitamin k fiber folate and powerful antioxidants like sulforaphane which is studied for its cancer fighting properties this cruciferous vegetable supports immune strength bone density digestive balance and long term wellness making it one of the most beneficial foods for daily nutrition
Oatmeal,Grain,,,,,Canada,,oatmeal made from whole grain oats provides beta glucan soluble fiber antioxidants b vitamins and minerals such as magnesium and iron supporting cholesterol reduction stable blood sugar digestive comfort and long term cardiovascular health while contributing plant based protein to balanced diets
Almonds,Nut,,,,,California,,almonds are nutrient dense nuts high in vitamin e magnesium fiber antioxidants and plant protein supporting heart health brain function sustained energy and long term nutritional wellness their healthy monounsaturated fats make them excellent for balanced diets and metabolism improvement
Greek Yogurt,Dairy,,,,,Greece,,greek yogurt is a cultured dairy product rich in protein probiotics calcium and b vitamins supporting gut health digestion muscle maintenance and strong bones making it a nutritious option for balanced diets and long term wellness especially due to its high satiety and nutrient density
Sweet Potato,Vegetable,,,,,Peru,,sweet potato is a complex carbohydrate source loaded with beta carotene vitamin c potassium antioxidants and fiber supporting immune strength vision metabolic stability and long term nutritional health through slow energy release and anti inflammatory benefits
corn ,Legume,,,,,Turkey,,corn is a high fiber whole grain legume containing b vitamins antioxidants minerals and plant protein supporting digestive health energy levels and long term heart health while contributing essential nutrients required for balanced diets and regular metabolic function
Avocado,Fruit,,,,,Mexico,,avocado is a nutrient dense fruit containing healthy monounsaturated fats potassium fiber vitamin e folate and antioxidants supporting heart health nutrient absorption digestive function and long term wellness making it a vital part of balanced diets focused on metabolic and cardiovascular stability
oats,Grain,,,,,Andes,,oats provide complete plant protein soluble fiber antioxidants and essential minerals including iron zinc and magnesium supporting long term metabolic health digestion immune function and balanced diets with stable blood sugar and sustained energy
Blueberries,Fruit,,,,,USA,,blueberries are antioxidant rich fruits containing anthocyanins vitamin c vitamin k fiber and phytochemicals that support brain health immune defense heart wellness and long term cellular protection making them one of the most powerful superfoods for healthy diets
Tuna,Protein,,,,,Pacific Ocean,,tuna is a high protein seafood rich in omega 3 fatty acids selenium b vitamins and essential minerals supporting muscle repair heart health cognitive function and long term dietary balance making it ideal for protein rich and nutrient focused diets
Carrots,Vegetable,,,,,Netherlands,,carrots contain high levels of beta carotene vitamin a vitamin c fiber and antioxidants supporting vision immune strength digestive balance and long term nutritional wellness through their role in cellular health and natural disease protection
Whole Wheat Bread,Grain,,,,,Germany,,whole wheat bread is a whole grain product rich in fiber b vitamins complex carbohydrates and essential minerals contributing to digestive health metabolic stability heart wellness and long term nutritional benefits for daily balanced diets
Walnuts,Nut,,,,,China,,walnuts are nutrient dense nuts containing high omega 3 fatty acids antioxidants vitamin e magnesium and plant protein supporting brain health heart health anti inflammatory benefits and long term metabolic stability making them essential for nutrient rich diets
Cottage Cheese,Dairy,,,,,Poland,,cottage cheese is a high protein dairy food containing calcium probiotics casein protein and essential minerals supporting muscle development digestion bone strength and long term dietary wellness making it valuable in balanced diet plans
tomato,Vegetable,,,,,France,,tomatoes are rich in lycopene vitamin c potassium antioxidants and phytochemicals supporting heart health skin wellness immune defense and long term cellular protection making them essential in nutrient dense diets
Black Beans,Legume,,,,,Cuba,,black beans are high in plant protein fiber iron folate antioxidants and slow digesting carbohydrates supporting muscle building digestive health heart wellness and long term energy stability making them ideal for balanced diets
Orange,Fruit,,,,,Spain,,oranges are rich in vitamin c flavonoids fiber and antioxidants supporting immune strength hydration digestion and long term wellness through powerful nutritional benefits and disease prevention properties
Shrimp,Protein,,,,,Thailand,,shrimp is a nutrient dense high protein seafood containing selenium iodine b vitamins antioxidants and amino acids supporting muscle building metabolism and long term nutritional balance with low calorie density
Kale,Vegetable,,,,,Portugal,,kale is a leafy green superfood rich in vitamin k vitamin c calcium fiber antioxidants and phytochemicals supporting bone strength immune health detoxification and long term nutritional wellness making it one of the most nutritious foods available
Barley,Grain,,,,,Ethiopia,,barley is a fiber rich whole grain containing beta glucan b vitamins magnesium and antioxidants supporting digestive health cholesterol reduction metabolic balance and long term cardiovascular wellness
Pistachios,Nut,,,,,Iran,,pistachios are protein and fiber rich nuts containing antioxidants potassium and healthy fats supporting heart health metabolism digestive stability and long term nutritional improvement with strong micronutrient density
Kefir milk ,Dairy,,,,,Caucasus,,kefir is a probiotic fermented dairy drink containing beneficial bacteria protein calcium and vitamins supporting gut health immune function digestion and long term nutritional balance through regular microbiome enhancement
Bell Pepper,Vegetable,,,,,Hungary,,bell peppers especially red ones are packed with vitamin c antioxidants carotenoids fiber and essential nutrients supporting immune strength skin health metabolic function and long term wellness
Chickpeas,Legume,,,,,Middle East,,chickpeas are nutrient dense legumes rich in plant protein fiber iron folate antioxidants and slow digesting carbohydrates supporting muscle growth digestive balance metabolic health and long term sustained energy
Watermelon,Fruit,,,,,Africa,,watermelon is a hydrating fruit rich in water lycopene vitamin c antioxidants citrulline and essential nutrients supporting hydration heart health recovery after exercise and long term cellular protection in balanced diets
Pineapple,Fruit,,,,,Philippines,,Pineapple tropical fruit known for its sweet-tart flavor and high levels of vitamin C and bromelain an enzyme aiding digestion
Salmon,Protein,,,,,Norway,,Salmon fatty cold-water fish loaded with omega-3 fatty acids essential for heart health brain function and reducing inflammation.
Mango,Fruit,,,,,india,,Mango a sweet tropical fruit known for its vibrant flavor rich in vitamins A and C antioxidants and dietary fiber often enjoyed fresh or in smoothies and desserts.
Banana,Fruit,,,,,Southeast Asia,,Banana soft and energy-rich fruit high in potassium vitamin B6 and natural sugars commonly eaten as a quick snack or used in baking and smoothies.
Lemon,Fruit,,,,,India,,Lemon a tangy citrus fruit rich in vitamin C and antioxidants commonly used to boost immunity enhance flavor in dishes and aid digestion.
